medal_date,medal_type,medal_code,name,gender,country_code,country,country_long,nationality_code,nationality,nationality_long,team,team_gender,discipline,event,event_type,url_event,birth_date,code_athlete,code_team,is_medallist,birth_place
27/7/2024,Gold Medal,1,KONG Man Wai Vivian,Female,HKG,"Hong Kong, China","Hong Kong, China",HKG,"Hong Kong, China","Hong Kong, China",,,Fencing,Women's p√©e Individual,HATH,/en/paris-2024/results/fencing/women-s-epee-individual/fnl-000100--,8/2/1994,1963262,,TRUE,HONG KONG
28/7/2024,Gold Medal,1,XIE Yu,Male,CHN,China,People's Republic of China,CHN,China,People's Republic of China,,,Shooting,10m Air Pistol Men,ATH,/en/paris-2024/results/shooting/10m-air-pistol-men/fnl-000100--,12/6/2000,1913907,,TRUE,GUI ZHOU
28/7/2024,Bronze Medal,3,ZHANG Yufei,Female,CHN,China,People's Republic of China,CHN,China,People's Republic of China,,,Swimming,Women's 100m Butterfly,ATH,/en/paris-2024/results/swimming/women-s-100m-butterfly/fnl-000100--,19/4/1998,1945125,,TRUE,JIANG SU
29/7/2024,Gold Medal,1,CHEUNG Ka Long,Male,HKG,"Hong Kong, China","Hong Kong, China",HKG,"Hong Kong, China","Hong Kong, China",,,Fencing,Men's Foil Individual,HATH,/en/paris-2024/results/fencing/men-s-foil-individual/fnl-000100--,10/6/1997,1963245,,TRUE,HONG KONG
29/7/2024,Gold Medal,1,SHENG Lihao,Male,CHN,China,People's Republic of China,CHN,China,People's Republic of China,,,Shooting,10m Air Rifle Men,ATH,/en/paris-2024/results/shooting/10m-air-rifle-men/fnl-000100--,4/12/2004,1913899,,TRUE,JIANG SU
29/7/2024,Silver Medal,2,HUANG Yuting,Female,CHN,China,People's Republic of China,CHN,China,People's Republic of China,,,Shooting,10m Air Rifle Women,ATH,/en/paris-2024/results/shooting/10m-air-rifle-women/fnl-000100--,3/9/2006,1913945,,TRUE,ZHE JIANG
29/7/2024,Silver Medal,2,XU Jiayu,Male,CHN,China,People's Republic of China,CHN,China,People's Republic of China,,,Swimming,Men's 100m Backstroke,ATH,/en/paris-2024/results/swimming/men-s-100m-backstroke/fnl-000100--,19/8/1995,1945132,,TRUE,ZHE JIANG
29/7/2024,Silver Medal,2,TANG Qianting,Female,CHN,China,People's Republic of China,CHN,China,People's Republic of China,,,Swimming,Women's 100m Breaststroke,ATH,/en/paris-2024/results/swimming/women-s-100m-breaststroke/fnl-000100--,14/3/2004,1945200,,TRUE,SHANG HAI
29/7/2024,Bronze Medal,3,HAUGHEY Siobhan Bernadette,Female,HKG,"Hong Kong, China","Hong Kong, China",HKG,"Hong Kong, China","Hong Kong, China",,,Swimming,Women's 200m Freestyle,ATH,/en/paris-2024/results/swimming/women-s-200m-freestyle/fnl-000100--,31/10/1997,1925125,,TRUE,HONG KONG
30/7/2024,Silver Medal,2,QI Ying,Male,CHN,China,People's Republic of China,CHN,China,People's Republic of China,,,Shooting,Trap Men,ATH,/en/paris-2024/results/shooting/trap-men/fnl-000100--,23/1/1997,1913928,,TRUE,SHAN DONG
31/7/2024,Silver Medal,2,ZHANG Boheng,Male,CHN,China,People's Republic of China,CHN,China,People's Republic of China,,,Artistic Gymnastics,Men's All-Around,ATH,/en/paris-2024/results/artistic-gymnastics/men-s-all-around/fnl-000001--,4/3/2000,1918864,,TRUE,HU NAN
31/7/2024,Bronze Medal,3,XIAO Ruoteng,Male,CHN,China,People's Republic of China,CHN,China,People's Republic of China,,,Artistic Gymnastics,Men's All-Around,ATH,/en/paris-2024/results/artistic-gymnastics/men-s-all-around/fnl-000001--,30/1/1996,1918860,,TRUE,BEI JING
31/7/2024,Gold Medal,1,DENG Yawen,Female,CHN,China,People's Republic of China,CHN,China,People's Republic of China,,,Cycling BMX Freestyle,Women's Park,ATH,/en/paris-2024/results/cycling-bmx-freestyle/women-s-park/fnl-000100--,17/10/2005,1920569,,TRUE,SI CHUAN
31/7/2024,Gold Medal,1,PAN Zhanle,Male,CHN,China,People's Republic of China,CHN,China,People's Republic of China,,,Swimming,Men's 100m Freestyle,ATH,/en/paris-2024/results/swimming/men-s-100m-freestyle/fnl-000100--,4/8/2004,1945148,,TRUE,ZHE JIANG
31/7/2024,Bronze Medal,3,HAUGHEY Siobhan Bernadette,Female,HKG,"Hong Kong, China","Hong Kong, China",HKG,"Hong Kong, China","Hong Kong, China",,,Swimming,Women's 100m Freestyle,ATH,/en/paris-2024/results/swimming/women-s-100m-freestyle/fnl-000100--,31/10/1997,1925125,,TRUE,HONG KONG
1/8/2024,Gold Medal,1,YANG Jiayu,Female,CHN,China,People's Republic of China,CHN,China,People's Republic of China,,,Athletics,Women's 20km Race Walk,ATH,/en/paris-2024/results/athletics/women-s-20km-race-walk/fnl-000100--,18/2/1996,1919002,,TRUE,NEI MENGGU
1/8/2024,Bronze Medal,3,MA Zhenzhao,Female,CHN,China,People's Republic of China,CHN,China,People's Republic of China,,,Judo,Women -78 kg,HATH,/en/paris-2024/results/judo/women--78-kg/repf000100--,24/4/1998,1891067,,TRUE,SHAN DONG
1/8/2024,Gold Medal,1,LIU Yukun,Male,CHN,China,People's Republic of China,CHN,China,People's Republic of China,,,Shooting,50m Rifle 3 Positions Men,ATH,/en/paris-2024/results/shooting/50m-rifle-3-positions-men/fnl-000100--,12/4/1997,1913922,,TRUE,SHAN XI
1/8/2024,Bronze Medal,3,ZHANG Yufei,Female,CHN,China,People's Republic of China,CHN,China,People's Republic of China,,,Swimming,Women's 200m Butterfly,ATH,/en/paris-2024/results/swimming/women-s-200m-butterfly/fnl-000100--,19/4/1998,1945125,,TRUE,JIANG SU
2/8/2024,Bronze Medal,3,ZHANG Qiongyue,Female,CHN,China,People's Republic of China,CHN,China,People's Republic of China,,,Shooting,50m Rifle 3 Positions Women,ATH,/en/paris-2024/results/shooting/50m-rifle-3-positions-women/fnl-000100--,12/3/2004,1913972,,TRUE,GUANG DONG
2/8/2024,Bronze Medal,3,WANG Shun,Male,CHN,China,People's Republic of China,CHN,China,People's Republic of China,,,Swimming,Men's 200m Individual Medley,ATH,/en/paris-2024/results/swimming/men-s-200m-individual-medley/fnl-000100--,11/2/1994,1945186,,TRUE,ZHE JIANG
2/8/2024,Silver Medal,2,WANG Zisai,Male,CHN,China,People's Republic of China,CHN,China,People's Republic of China,,,Trampoline Gymnastics,Men,ATH,/en/paris-2024/results/trampoline-gymnastics/men/fnl-000001--,18/6/2006,1918790,,TRUE,JIANG SU
2/8/2024,Bronze Medal,3,YAN Langyu,Male,CHN,China,People's Republic of China,CHN,China,People's Republic of China,,,Trampoline Gymnastics,Men,ATH,/en/paris-2024/results/trampoline-gymnastics/men/fnl-000001--,31/8/1999,1918789,,TRUE,HU NAN
3/8/2024,Bronze Medal,3,WU Shih Yi,Female,TPE,Chinese Taipei,Chinese Taipei,TPE,Chinese Taipei,Chinese Taipei,,,Boxing,Women's 60kg,HATH,/en/paris-2024/results/boxing/women-s-60kg/sfnl000100--,27/4/1998,1887970,,TRUE,TAI PEI
3/8/2024,Bronze Medal,3,LEE Meng Yuan,Male,TPE,Chinese Taipei,Chinese Taipei,TPE,Chinese Taipei,Chinese Taipei,,,Shooting,Skeet Men,ATH,/en/paris-2024/results/shooting/skeet-men/fnl-000100--,25/8/1994,1569852,,TRUE,TAI PEI
3/8/2024,Gold Medal,1,CHEN Meng,Female,CHN,China,People's Republic of China,CHN,China,People's Republic of China,,,Table Tennis,Women's Singles,HATH,/en/paris-2024/results/table-tennis/women-s-singles/fnl-000100--,15/1/1994,1902307,,TRUE,SHAN DONG
3/8/2024,Silver Medal,2,SUN Yingsha,Female,CHN,China,People's Republic of China,CHN,China,People's Republic of China,,,Table Tennis,Women's Singles,HATH,/en/paris-2024/results/table-tennis/women-s-singles/fnl-000100--,4/11/2000,1902313,,TRUE,HE BEI
3/8/2024,Gold Medal,1,ZHENG Qinwen,Female,CHN,China,People's Republic of China,CHN,China,People's Republic of China,,,Tennis,Women's Singles,HATH,/en/paris-2024/results/tennis/women-s-singles/fnl-000100--,8/10/2002,1927709,,TRUE,HU BEI
4/8/2024,Gold Medal,1,LIU Yang,Male,CHN,China,People's Republic of China,CHN,China,People's Republic of China,,,Artistic Gymnastics,Men's Rings,ATH,/en/paris-2024/results/artistic-gymnastics/men-s-rings/fnl-000001--,11/8/1994,1918856,,TRUE,LIAO NING
4/8/2024,Silver Medal,2,ZOU Jingyuan,Male,CHN,China,People's Republic of China,CHN,China,People's Republic of China,,,Artistic Gymnastics,Men's Rings,ATH,/en/paris-2024/results/artistic-gymnastics/men-s-rings/fnl-000001--,3/1/1998,1918865,,TRUE,SI CHUAN
4/8/2024,Silver Medal,2,QIU Qiyuan,Female,CHN,China,People's Republic of China,CHN,China,People's Republic of China,,,Artistic Gymnastics,Women's Uneven Bars,ATH,/en/paris-2024/results/artistic-gymnastics/women-s-uneven-bars/fnl-000001--,24/5/2007,1918872,,TRUE,FU JIAN
4/8/2024,Bronze Medal,3,ZHANG Yufei,Female,CHN,China,People's Republic of China,CHN,China,People's Republic of China,,,Swimming,Women's 50m Freestyle,ATH,/en/paris-2024/results/swimming/women-s-50m-freestyle/fnl-000100--,19/4/1998,1945125,,TRUE,JIANG SU
4/8/2024,Gold Medal,1,FAN Zhendong,Male,CHN,China,People's Republic of China,CHN,China,People's Republic of China,,,Table Tennis,Men's Singles,HATH,/en/paris-2024/results/table-tennis/men-s-singles/fnl-000100--,22/1/1997,1902295,,TRUE,GUANG DONG
5/8/2024,Bronze Medal,3,ZHANG Boheng,Male,CHN,China,People's Republic of China,CHN,China,People's Republic of China,,,Artistic Gymnastics,Men's Horizontal Bar,ATH,/en/paris-2024/results/artistic-gymnastics/men-s-horizontal-bar/fnl-000001--,4/3/2000,1918864,,TRUE,HU NAN
5/8/2024,Bronze Medal,3,TANG Chia-Hung,Male,TPE,Chinese Taipei,Chinese Taipei,TPE,Chinese Taipei,Chinese Taipei,,,Artistic Gymnastics,Men's Horizontal Bar,ATH,/en/paris-2024/results/artistic-gymnastics/men-s-horizontal-bar/fnl-000001--,23/9/1996,1878037,,TRUE,TAI PEI
5/8/2024,Gold Medal,1,ZOU Jingyuan,Male,CHN,China,People's Republic of China,CHN,China,People's Republic of China,,,Artistic Gymnastics,Men's Parallel Bars,ATH,/en/paris-2024/results/artistic-gymnastics/men-s-parallel-bars/fnl-000001--,3/1/1998,1918865,,TRUE,SI CHUAN
5/8/2024,Silver Medal,2,ZHOU Yaqin,Female,CHN,China,People's Republic of China,CHN,China,People's Republic of China,,,Artistic Gymnastics,Women's Balance Beam,ATH,/en/paris-2024/results/artistic-gymnastics/women-s-balance-beam/fnl-000001--,12/11/2005,1918881,,TRUE,HU NAN
5/8/2024,Silver Medal,2,FENG Bin,Female,CHN,China,People's Republic of China,CHN,China,People's Republic of China,,,Athletics,Women's Discus Throw,ATH,/en/paris-2024/results/athletics/women-s-discus-throw/fnl-000100--,3/4/1994,1919067,,TRUE,SHAN DONG
5/8/2024,Silver Medal,2,HE Bing Jiao,Female,CHN,China,People's Republic of China,CHN,China,People's Republic of China,,,Badminton,Women's Singles,HATH,/en/paris-2024/results/badminton/women-s-singles/fnl-000100--,21/3/1997,1913436,,TRUE,JIANG SU
5/8/2024,Gold Medal,1,LI Yuehong,Male,CHN,China,People's Republic of China,CHN,China,People's Republic of China,,,Shooting,25m Rapid Fire Pistol Men,ATH,/en/paris-2024/results/shooting/25m-rapid-fire-pistol-men/fnl-000100--,28/8/1989,1913913,,TRUE,SHAN DONG
5/8/2024,Bronze Medal,3,WANG Xinjie,Male,CHN,China,People's Republic of China,CHN,China,People's Republic of China,,,Shooting,25m Rapid Fire Pistol Men,ATH,/en/paris-2024/results/shooting/25m-rapid-fire-pistol-men/fnl-000100--,24/10/1996,1913919,,TRUE,SHANG HAI
6/8/2024,Bronze Medal,3,ZHAO Jie,Female,CHN,China,People's Republic of China,CHN,China,People's Republic of China,,,Athletics,Women's Hammer Throw,ATH,/en/paris-2024/results/athletics/women-s-hammer-throw/fnl-000100--,13/10/2002,1919077,,TRUE,JIANG SU
6/8/2024,Silver Medal,2,YANG Wenlu,Female,CHN,China,People's Republic of China,CHN,China,People's Republic of China,,,Boxing,Women's 60kg,HATH,/en/paris-2024/results/boxing/women-s-60kg/fnl-000100--,13/1/1991,1926828,,TRUE,SHAN DONG
6/8/2024,Bronze Medal,3,CHEN Nien Chin,Female,TPE,Chinese Taipei,Chinese Taipei,TPE,Chinese Taipei,Chinese Taipei,,,Boxing,Women's 66kg,HATH,/en/paris-2024/results/boxing/women-s-66kg/sfnl000200--,10/5/1997,1887975,,TRUE,TAI PEI
6/8/2024,Gold Medal,1,QUAN Hongchan,Female,CHN,China,People's Republic of China,CHN,China,People's Republic of China,,,Diving,Women's 10m Platform,ATH,/en/paris-2024/results/diving/women-s-10m-platform/fnl-000100--,28/3/2007,1901545,,TRUE,GUANG DONG
6/8/2024,Silver Medal,2,CHEN Yuxi,Female,CHN,China,People's Republic of China,CHN,China,People's Republic of China,,,Diving,Women's 10m Platform,ATH,/en/paris-2024/results/diving/women-s-10m-platform/fnl-000100--,11/9/2005,1901544,,TRUE,SHANG HAI
6/8/2024,Bronze Medal,3,MENG Lingzhe,Male,CHN,China,People's Republic of China,CHN,China,People's Republic of China,,,Wrestling,Men's Greco-Roman 130kg,HATH,/en/paris-2024/results/wrestling/men-s-greco-roman-130kg/repf000200--,16/4/1998,1919983,,TRUE,SHAN DONG
6/8/2024,Silver Medal,2,CAO Liguo,Male,CHN,China,People's Republic of China,CHN,China,People's Republic of China,,,Wrestling,Men's Greco-Roman 60kg,HATH,/en/paris-2024/results/wrestling/men-s-greco-roman-60kg/fnl-000100--,4/10/1998,1919973,,TRUE,GUANG XI
7/8/2024,Silver Medal,2,DENG Lijuan,Female,CHN,China,People's Republic of China,CHN,China,People's Republic of China,,,Sport Climbing,Women's Speed,ATH,/en/paris-2024/results/sport-climbing/women-s-speed/------------,12/5/2000,1913702,,TRUE,HU NAN
7/8/2024,Silver Medal,2,GUO Qing,Female,CHN,China,People's Republic of China,CHN,China,People's Republic of China,,,Taekwondo,Women -49kg,HATH,/en/paris-2024/results/taekwondo/women--49kg/fnl-000100--,16/5/2000,1910372,,TRUE,GUANG DONG
7/8/2024,Gold Medal,1,LI Fabin,Male,CHN,China,People's Republic of China,CHN,China,People's Republic of China,,,Weightlifting,Men's 61kg,ATH,/en/paris-2024/results/weightlifting/men-s-61kg/fnl-000100--,15/1/1993,1918372,,TRUE,FU JIAN
7/8/2024,Gold Medal,1,HOU Zhihui,Female,CHN,China,People's Republic of China,CHN,China,People's Republic of China,,,Weightlifting,Women's 49kg,ATH,/en/paris-2024/results/weightlifting/women-s-49kg/fnl-000100--,18/3/1997,1918377,,TRUE,HU NAN
7/8/2024,Bronze Medal,3,FENG Ziqi,Female,CHN,China,People's Republic of China,CHN,China,People's Republic of China,,,Wrestling,Women's Freestyle 50kg,HATH,/en/paris-2024/results/wrestling/women-s-freestyle-50kg/repf000200--,29/6/1999,1920000,,TRUE,GUANG DONG
8/8/2024,Gold Medal,1,CHANG Yuan,Female,CHN,China,People's Republic of China,CHN,China,People's Republic of China,,,Boxing,Women's 54kg,HATH,/en/paris-2024/results/boxing/women-s-54kg/fnl-000100--,24/6/1997,1926832,,TRUE,HE BEI
8/8/2024,Gold Medal,1,XIE Siyi,Male,CHN,China,People's Republic of China,CHN,China,People's Republic of China,,,Diving,Men's 3m Springboard,ATH,/en/paris-2024/results/diving/men-s-3m-springboard/fnl-000100--,28/3/1996,1901550,,TRUE,GUANG DONG
8/8/2024,Silver Medal,2,WANG Zongyuan,Male,CHN,China,People's Republic of China,CHN,China,People's Republic of China,,,Diving,Men's 3m Springboard,ATH,/en/paris-2024/results/diving/men-s-3m-springboard/fnl-000100--,24/10/2001,1901549,,TRUE,HU BEI
8/8/2024,Silver Medal,2,WU Peng,Male,CHN,China,People's Republic of China,CHN,China,People's Republic of China,,,Sport Climbing,Men's Speed,ATH,/en/paris-2024/results/sport-climbing/men-s-speed/------------,15/10/2002,1913699,,TRUE,HU NAN
8/8/2024,Bronze Medal,3,LIANG Yushuai,Male,CHN,China,People's Republic of China,CHN,China,People's Republic of China,,,Taekwondo,Men -68kg,HATH,/en/paris-2024/results/taekwondo/men--68kg/repf000100--,10/9/2000,1910367,,TRUE,SHAN DONG
8/8/2024,Gold Medal,1,LUO Shifang,Female,CHN,China,People's Republic of China,CHN,China,People's Republic of China,,,Weightlifting,Women's 59kg,ATH,/en/paris-2024/results/weightlifting/women-s-59kg/fnl-000100--,2/4/2001,1918379,,TRUE,HU NAN
8/8/2024,Bronze Medal,3,KUO Hsing-Chun,Female,TPE,Chinese Taipei,Chinese Taipei,TPE,Chinese Taipei,Chinese Taipei,,,Weightlifting,Women's 59kg,ATH,/en/paris-2024/results/weightlifting/women-s-59kg/fnl-000100--,26/11/1993,1569563,,TRUE,TAI PEI
8/8/2024,Bronze Medal,3,PANG Qianyu,Female,CHN,China,People's Republic of China,CHN,China,People's Republic of China,,,Wrestling,Women's Freestyle 53kg,HATH,/en/paris-2024/results/wrestling/women-s-freestyle-53kg/repf000200--,13/11/1996,1920006,,TRUE,HU NAN
9/8/2024,Bronze Medal,3,SONG Jiayuan,Female,CHN,China,People's Republic of China,CHN,China,People's Republic of China,,,Athletics,Women's Shot Put,ATH,/en/paris-2024/results/athletics/women-s-shot-put/fnl-000100--,15/9/1997,1919065,,TRUE,SHANG HAI
9/8/2024,Gold Medal,1,WU Yu,Female,CHN,China,People's Republic of China,CHN,China,People's Republic of China,,,Boxing,Women's 50kg,HATH,/en/paris-2024/results/boxing/women-s-50kg/fnl-000100--,13/1/1995,1926833,,TRUE,GUI ZHOU
9/8/2024,Silver Medal,2,YANG Liu,Female,CHN,China,People's Republic of China,CHN,China,People's Republic of China,,,Boxing,Women's 66kg,HATH,/en/paris-2024/results/boxing/women-s-66kg/fnl-000100--,20/5/1992,1926827,,TRUE,LIAO NING
9/8/2024,Bronze Medal,3,671,Female,CHN,China,People's Republic of China,CHN,China,People's Republic of China,,,Breaking,B-Girls,HATH,/en/paris-2024/results/breaking/b-girls/fnl-000200--,19/10/2005,1909907,,TRUE,HE NAN
9/8/2024,Gold Medal,1,CHEN Yiwen,Female,CHN,China,People's Republic of China,CHN,China,People's Republic of China,,,Diving,Women's 3m Springboard,ATH,/en/paris-2024/results/diving/women-s-3m-springboard/fnl-000100--,15/6/1999,1901538,,TRUE,HAI NAN
9/8/2024,Bronze Medal,3,CHANG Yani,Female,CHN,China,People's Republic of China,CHN,China,People's Republic of China,,,Diving,Women's 3m Springboard,ATH,/en/paris-2024/results/diving/women-s-3m-springboard/fnl-000100--,7/12/2001,1901539,,TRUE,SI CHUAN
9/8/2024,Bronze Medal,3,HONG Kexin,Female,CHN,China,People's Republic of China,CHN,China,People's Republic of China,,,Wrestling,Women's Freestyle 57kg,HATH,/en/paris-2024/results/wrestling/women-s-freestyle-57kg/repf000200--,6/1/2003,1920010,,TRUE,HE NAN
10/8/2024,Gold Medal,1,LIN Yu Ting,Female,TPE,Chinese Taipei,Chinese Taipei,TPE,Chinese Taipei,Chinese Taipei,,,Boxing,Women's 57kg,HATH,/en/paris-2024/results/boxing/women-s-57kg/fnl-000100--,13/12/1995,1887963,,TRUE,TAI PEI
10/8/2024,Gold Medal,1,LI Qian,Female,CHN,China,People's Republic of China,CHN,China,People's Republic of China,,,Boxing,Women's 75kg,HATH,/en/paris-2024/results/boxing/women-s-75kg/fnl-000100--,6/6/1990,1926826,,TRUE,HE NAN
10/8/2024,Gold Medal,1,CAO Yuan,Male,CHN,China,People's Republic of China,CHN,China,People's Republic of China,,,Diving,Men's 10m Platform,ATH,/en/paris-2024/results/diving/men-s-10m-platform/fnl-000100--,7/2/1995,1901556,,TRUE,HU NAN
10/8/2024,Bronze Medal,3,LIN Xiyu Janet,Female,CHN,China,People's Republic of China,CHN,China,People's Republic of China,,,Golf,Women's Individual Stroke Play,ATH,/en/paris-2024/results/golf/women-s-individual-stroke-play/fnl---------,25/2/1996,1913218,,TRUE,GUANG DONG
10/8/2024,Gold Medal,1,LIU Huanhua,Male,CHN,China,People's Republic of China,CHN,China,People's Republic of China,,,Weightlifting,Men's 102kg,ATH,/en/paris-2024/results/weightlifting/men-s-102kg/fnl-000100--,20/8/2001,1918369,,TRUE,HU NAN
11/8/2024,Gold Medal,1,LI Wenwen,Female,CHN,China,People's Republic of China,CHN,China,People's Republic of China,,,Weightlifting,Women's +81kg,ATH,/en/paris-2024/results/weightlifting/women-s--plus-81kg/fnl-000100--,5/3/2000,1918376,,TRUE,LIAO NING
27/7/2024,Gold Medal,1,CHANG Yani,Female,CHN,China,People's Republic of China,CHN,China,People's Republic of China,People's Republic of China,W,Diving,Women's Synchronised 3m Springboard,TEAM,/en/paris-2024/results/diving/women-s-synchronised-3m-springboard/fnl-000100--,7/12/2001,1901539,DIVW3MTEAM2-CHN01,TRUE,SI CHUAN
27/7/2024,Gold Medal,1,CHEN Yiwen,Female,CHN,China,People's Republic of China,CHN,China,People's Republic of China,People's Republic of China,W,Diving,Women's Synchronised 3m Springboard,TEAM,/en/paris-2024/results/diving/women-s-synchronised-3m-springboard/fnl-000100--,15/6/1999,1901538,DIVW3MTEAM2-CHN01,TRUE,HAI NAN
27/7/2024,Gold Medal,1,HUANG Yuting,Female,CHN,China,People's Republic of China,CHN,China,People's Republic of China,People's Republic of China 1,X,Shooting,10m Air Rifle Mixed Team,HTEAM,/en/paris-2024/results/shooting/10m-air-rifle-mixed-team/fnl-000100--,3/9/2006,1913945,SHOXARMT----CHN01,TRUE,ZHE JIANG
27/7/2024,Gold Medal,1,SHENG Lihao,Male,CHN,China,People's Republic of China,CHN,China,People's Republic of China,People's Republic of China 1,X,Shooting,10m Air Rifle Mixed Team,HTEAM,/en/paris-2024/results/shooting/10m-air-rifle-mixed-team/fnl-000100--,4/12/2004,1913899,SHOXARMT----CHN01,TRUE,JIANG SU
27/7/2024,Bronze Medal,3,CHENG Yujie,Female,CHN,China,People's Republic of China,CHN,China,People's Republic of China,People's Republic of China,W,Swimming,Women's 4 x 100m Freestyle Relay,TEAM,/en/paris-2024/results/swimming/women-s-4-x-100m-freestyle-relay/fnl-000100--,22/9/2005,1945230,SWMW4X100MFRCHN01,TRUE,JIANG XI
27/7/2024,Bronze Medal,3,WU Qingfeng,Female,CHN,China,People's Republic of China,CHN,China,People's Republic of China,People's Republic of China,W,Swimming,Women's 4 x 100m Freestyle Relay,TEAM,/en/paris-2024/results/swimming/women-s-4-x-100m-freestyle-relay/fnl-000100--,28/1/2003,1945206,SWMW4X100MFRCHN01,TRUE,ZHE JIANG
27/7/2024,Bronze Medal,3,YU Yiting,Female,CHN,China,People's Republic of China,CHN,China,People's Republic of China,People's Republic of China,W,Swimming,Women's 4 x 100m Freestyle Relay,TEAM,/en/paris-2024/results/swimming/women-s-4-x-100m-freestyle-relay/fnl-000100--,5/9/2005,1945164,SWMW4X100MFRCHN01,TRUE,ZHE JIANG
27/7/2024,Bronze Medal,3,YANG Junxuan,Female,CHN,China,People's Republic of China,CHN,China,People's Republic of China,People's Republic of China,W,Swimming,Women's 4 x 100m Freestyle Relay,TEAM,/en/paris-2024/results/swimming/women-s-4-x-100m-freestyle-relay/fnl-000100--,26/1/2002,1945159,SWMW4X100MFRCHN01,TRUE,SHAN DONG
27/7/2024,Bronze Medal,3,ZHANG Yufei,Female,CHN,China,People's Republic of China,CHN,China,People's Republic of China,People's Republic of China,W,Swimming,Women's 4 x 100m Freestyle Relay,TEAM,/en/paris-2024/results/swimming/women-s-4-x-100m-freestyle-relay/fnl-000100--,19/4/1998,1945125,SWMW4X100MFRCHN01,TRUE,JIANG SU
28/7/2024,Silver Medal,2,AN Qixuan,Female,CHN,China,People's Republic of China,CHN,China,People's Republic of China,People's Republic of China,W,Archery,Women's Team,HTEAM,/en/paris-2024/results/archery/women-s-team/fnl-000100--,3/12/2000,1913382,ARCWTEAM3---CHN01,TRUE,XIN JIANG
28/7/2024,Silver Medal,2,LI Jiaman,Female,CHN,China,People's Republic of China,CHN,China,People's Republic of China,People's Republic of China,W,Archery,Women's Team,HTEAM,/en/paris-2024/results/archery/women-s-team/fnl-000100--,18/8/1997,1913372,ARCWTEAM3---CHN01,TRUE,BEI JING
28/7/2024,Silver Medal,2,YANG Xiaolei,Female,CHN,China,People's Republic of China,CHN,China,People's Republic of China,People's Republic of China,W,Archery,Women's Team,HTEAM,/en/paris-2024/results/archery/women-s-team/fnl-000100--,28/6/2000,1913380,ARCWTEAM3---CHN01,TRUE,JIANG SU
29/7/2024,Silver Medal,2,LIU Yang,Male,CHN,China,People's Republic of China,CHN,China,People's Republic of China,People's Republic of China,M,Artistic Gymnastics,Men's Team,TEAM,/en/paris-2024/results/artistic-gymnastics/men-s-team/fnl-000001--,11/8/1994,1918856,GARMTEAM----CHN01,TRUE,LIAO NING
29/7/2024,Silver Medal,2,SU Weide,Male,CHN,China,People's Republic of China,CHN,China,People's Republic of China,People's Republic of China,M,Artistic Gymnastics,Men's Team,TEAM,/en/paris-2024/results/artistic-gymnastics/men-s-team/fnl-000001--,19/3/2000,1918858,GARMTEAM----CHN01,TRUE,SHAN DONG
29/7/2024,Silver Medal,2,XIAO Ruoteng,Male,CHN,China,People's Republic of China,CHN,China,People's Republic of China,People's Republic of China,M,Artistic Gymnastics,Men's Team,TEAM,/en/paris-2024/results/artistic-gymnastics/men-s-team/fnl-000001--,30/1/1996,1918860,GARMTEAM----CHN01,TRUE,BEI JING
29/7/2024,Silver Medal,2,ZHANG Boheng,Male,CHN,China,People's Republic of China,CHN,China,People's Republic of China,People's Republic of China,M,Artistic Gymnastics,Men's Team,TEAM,/en/paris-2024/results/artistic-gymnastics/men-s-team/fnl-000001--,4/3/2000,1918864,GARMTEAM----CHN01,TRUE,HU NAN
29/7/2024,Silver Medal,2,ZOU Jingyuan,Male,CHN,China,People's Republic of China,CHN,China,People's Republic of China,People's Republic of China,M,Artistic Gymnastics,Men's Team,TEAM,/en/paris-2024/results/artistic-gymnastics/men-s-team/fnl-000001--,3/1/1998,1918865,GARMTEAM----CHN01,TRUE,SI CHUAN
29/7/2024,Gold Medal,1,LIAN Junjie,Male,CHN,China,People's Republic of China,CHN,China,People's Republic of China,People's Republic of China,M,Diving,Men's Synchronised 10m Platform,TEAM,/en/paris-2024/results/diving/men-s-synchronised-10m-platform/fnl-000100--,3/11/2000,1901555,DIVM10MTEAM2CHN01,TRUE,GUANG XI
29/7/2024,Gold Medal,1,YANG Hao,Male,CHN,China,People's Republic of China,CHN,China,People's Republic of China,People's Republic of China,M,Diving,Men's Synchronised 10m Platform,TEAM,/en/paris-2024/results/diving/men-s-synchronised-10m-platform/fnl-000100--,3/2/1998,1901554,DIVM10MTEAM2CHN01,TRUE,SHAN XI
30/7/2024,Gold Medal,1,WANG Chuqin,Male,CHN,China,People's Republic of China,CHN,China,People's Republic of China,WANG Chuqin / SUN Yingsha,X,Table Tennis,Mixed Doubles,HCOUP,/en/paris-2024/results/table-tennis/mixed-doubles/fnl-000100--,11/5/2000,1902301,TTEXDOUBLES-CHN01,TRUE,JI LIN
30/7/2024,Gold Medal,1,SUN Yingsha,Female,CHN,China,People's Republic of China,CHN,China,People's Republic of China,WANG Chuqin / SUN Yingsha,X,Table Tennis,Mixed Doubles,HCOUP,/en/paris-2024/results/table-tennis/mixed-doubles/fnl-000100--,4/11/2000,1902313,TTEXDOUBLES-CHN01,TRUE,HE BEI
31/7/2024,Gold Medal,1,CHEN Yuxi,Female,CHN,China,People's Republic of China,CHN,China,People's Republic of China,People's Republic of China,W,Diving,Women's Synchronised 10m Platform,TEAM,/en/paris-2024/results/diving/women-s-synchronised-10m-platform/fnl-000100--,11/9/2005,1901544,DIVW10MTEAM2CHN01,TRUE,SHANG HAI
31/7/2024,Gold Medal,1,QUAN Hongchan,Female,CHN,China,People's Republic of China,CHN,China,People's Republic of China,People's Republic of China,W,Diving,Women's Synchronised 10m Platform,TEAM,/en/paris-2024/results/diving/women-s-synchronised-10m-platform/fnl-000100--,28/3/2007,1901545,DIVW10MTEAM2CHN01,TRUE,GUANG DONG
1/8/2024,Bronze Medal,3,TANG Muhan,Female,CHN,China,People's Republic of China,CHN,China,People's Republic of China,People's Republic of China,W,Swimming,Women's 4 x 200m Freestyle Relay,TEAM,/en/paris-2024/results/swimming/women-s-4-x-200m-freestyle-relay/fnl-000100--,4/9/2003,1945224,SWMW4X200MFRCHN01,TRUE,JI LIN
1/8/2024,Bronze Medal,3,KONG Yaqi,Female,CHN,China,People's Republic of China,CHN,China,People's Republic of China,People's Republic of China,W,Swimming,Women's 4 x 200m Freestyle Relay,TEAM,/en/paris-2024/results/swimming/women-s-4-x-200m-freestyle-relay/fnl-000100--,24/1/2008,1945222,SWMW4X200MFRCHN01,TRUE,ZHE JIANG
1/8/2024,Bronze Medal,3,GE Chutong,Female,CHN,China,People's Republic of China,CHN,China,People's Republic of China,People's Republic of China,W,Swimming,Women's 4 x 200m Freestyle Relay,TEAM,/en/paris-2024/results/swimming/women-s-4-x-200m-freestyle-relay/fnl-000100--,23/9/2003,1945171,SWMW4X200MFRCHN01,TRUE,SHAN DONG
1/8/2024,Bronze Medal,3,LIU Yaxin,Female,CHN,China,People's Republic of China,CHN,China,People's Republic of China,People's Republic of China,W,Swimming,Women's 4 x 200m Freestyle Relay,TEAM,/en/paris-2024/results/swimming/women-s-4-x-200m-freestyle-relay/fnl-000100--,16/6/1999,1945223,SWMW4X200MFRCHN01,TRUE,ZHE JIANG
1/8/2024,Bronze Medal,3,LI Bingjie,Female,CHN,China,People's Republic of China,CHN,China,People's Republic of China,People's Republic of China,W,Swimming,Women's 4 x 200m Freestyle Relay,TEAM,/en/paris-2024/results/swimming/women-s-4-x-200m-freestyle-relay/fnl-000100--,3/3/2002,1945169,SWMW4X200MFRCHN01,TRUE,HE BEI
1/8/2024,Bronze Medal,3,YANG Junxuan,Female,CHN,China,People's Republic of China,CHN,China,People's Republic of China,People's Republic of China,W,Swimming,Women's 4 x 200m Freestyle Relay,TEAM,/en/paris-2024/results/swimming/women-s-4-x-200m-freestyle-relay/fnl-000100--,26/1/2002,1945159,SWMW4X200MFRCHN01,TRUE,SHAN DONG
2/8/2024,Gold Medal,1,ZHENG Si Wei,Male,CHN,China,People's Republic of China,CHN,China,People's Republic of China,ZHENG Si Wei / HUANG Ya Qiong,X,Badminton,Mixed Doubles,HCOUP,/en/paris-2024/results/badminton/mixed-doubles/fnl-000100--,26/2/1997,1913418,BDMXDOUBLES-CHN02,TRUE,ZHE JIANG
2/8/2024,Gold Medal,1,HUANG Ya Qiong,Female,CHN,China,People's Republic of China,CHN,China,People's Republic of China,ZHENG Si Wei / HUANG Ya Qiong,X,Badminton,Mixed Doubles,HCOUP,/en/paris-2024/results/badminton/mixed-doubles/fnl-000100--,28/2/1994,1913432,BDMXDOUBLES-CHN02,TRUE,ZHE JIANG
2/8/2024,Gold Medal,1,LONG Daoyi,Male,CHN,China,People's Republic of China,CHN,China,People's Republic of China,People's Republic of China,M,Diving,Men's Synchronised 3m Springboard,TEAM,/en/paris-2024/results/diving/men-s-synchronised-3m-springboard/fnl-000100--,6/3/2003,1901551,DIVM3MTEAM2-CHN01,TRUE,GUI ZHOU
2/8/2024,Gold Medal,1,WANG Zongyuan,Male,CHN,China,People's Republic of China,CHN,China,People's Republic of China,People's Republic of China,M,Diving,Men's Synchronised 3m Springboard,TEAM,/en/paris-2024/results/diving/men-s-synchronised-3m-springboard/fnl-000100--,24/10/2001,1901549,DIVM3MTEAM2-CHN01,TRUE,HU BEI
2/8/2024,Silver Medal,2,WANG Xinyu,Female,CHN,China,People's Republic of China,CHN,China,People's Republic of China,Wang / Zhang,X,Tennis,Mixed Doubles,HCOUP,/en/paris-2024/results/tennis/mixed-doubles/fnl-000100--,26/9/2001,1927719,TENXDOUBLES-CHN01,TRUE,GUANG DONG
2/8/2024,Silver Medal,2,ZHANG Zhizhen,Male,CHN,China,People's Republic of China,CHN,China,People's Republic of China,Wang / Zhang,X,Tennis,Mixed Doubles,HCOUP,/en/paris-2024/results/tennis/mixed-doubles/fnl-000100--,16/10/1996,1927704,TENXDOUBLES-CHN01,TRUE,SHANG HAI
3/8/2024,Gold Medal,1,CHEN Qing Chen,Female,CHN,China,People's Republic of China,CHN,China,People's Republic of China,CHEN Qing Chen / JIA Yi Fan,W,Badminton,Women's Doubles,HCOUP,/en/paris-2024/results/badminton/women-s-doubles/fnl-000100--,23/6/1997,1913438,BDMWDOUBLES-CHN02,TRUE,GUANG DONG
3/8/2024,Gold Medal,1,JIA Yi Fan,Female,CHN,China,People's Republic of China,CHN,China,People's Republic of China,CHEN Qing Chen / JIA Yi Fan,W,Badminton,Women's Doubles,HCOUP,/en/paris-2024/results/badminton/women-s-doubles/fnl-000100--,29/6/1997,1913439,BDMWDOUBLES-CHN02,TRUE,TIAN JIN
3/8/2024,Silver Medal,2,LIU Sheng Shu,Female,CHN,China,People's Republic of China,CHN,China,People's Republic of China,LIU Sheng Shu / TAN Ning,W,Badminton,Women's Doubles,HCOUP,/en/paris-2024/results/badminton/women-s-doubles/fnl-000100--,8/4/2004,1913441,BDMWDOUBLES-CHN01,TRUE,LIAO NING
3/8/2024,Silver Medal,2,TAN Ning,Female,CHN,China,People's Republic of China,CHN,China,People's Republic of China,LIU Sheng Shu / TAN Ning,W,Badminton,Women's Doubles,HCOUP,/en/paris-2024/results/badminton/women-s-doubles/fnl-000100--,3/4/2003,1913442,BDMWDOUBLES-CHN01,TRUE,FU JIAN
3/8/2024,Silver Medal,2,XU Jiayu,Male,CHN,China,People's Republic of China,CHN,China,People's Republic of China,People's Republic of China,X,Swimming,Mixed 4 x 100m Medley Relay,TEAM,/en/paris-2024/results/swimming/mixed-4-x-100m-medley-relay/fnl-000100--,19/8/1995,1945132,SWMX4X100MMDCHN01,TRUE,ZHE JIANG
3/8/2024,Silver Medal,2,TANG Qianting,Female,CHN,China,People's Republic of China,CHN,China,People's Republic of China,People's Republic of China,X,Swimming,Mixed 4 x 100m Medley Relay,TEAM,/en/paris-2024/results/swimming/mixed-4-x-100m-medley-relay/fnl-000100--,14/3/2004,1945200,SWMX4X100MMDCHN01,TRUE,SHANG HAI
3/8/2024,Silver Medal,2,ZHANG Yufei,Female,CHN,China,People's Republic of China,CHN,China,People's Republic of China,People's Republic of China,X,Swimming,Mixed 4 x 100m Medley Relay,TEAM,/en/paris-2024/results/swimming/mixed-4-x-100m-medley-relay/fnl-000100--,19/4/1998,1945125,SWMX4X100MMDCHN01,TRUE,JIANG SU
3/8/2024,Silver Medal,2,PAN Zhanle,Male,CHN,China,People's Republic of China,CHN,China,People's Republic of China,People's Republic of China,X,Swimming,Mixed 4 x 100m Medley Relay,TEAM,/en/paris-2024/results/swimming/mixed-4-x-100m-medley-relay/fnl-000100--,4/8/2004,1945148,SWMX4X100MMDCHN01,TRUE,ZHE JIANG
3/8/2024,Silver Medal,2,QIN Haiyang,Male,CHN,China,People's Republic of China,CHN,China,People's Republic of China,People's Republic of China,X,Swimming,Mixed 4 x 100m Medley Relay,TEAM,/en/paris-2024/results/swimming/mixed-4-x-100m-medley-relay/fnl-000100--,17/5/1999,1945128,SWMX4X100MMDCHN01,TRUE,HU NAN
3/8/2024,Silver Medal,2,YANG Junxuan,Female,CHN,China,People's Republic of China,CHN,China,People's Republic of China,People's Republic of China,X,Swimming,Mixed 4 x 100m Medley Relay,TEAM,/en/paris-2024/results/swimming/mixed-4-x-100m-medley-relay/fnl-000100--,26/1/2002,1945159,SWMX4X100MMDCHN01,TRUE,SHAN DONG
4/8/2024,Gold Medal,1,LEE Yang,Male,TPE,Chinese Taipei,Chinese Taipei,TPE,Chinese Taipei,Chinese Taipei,LEE Yang / WANG Chi-Lin,M,Badminton,Men's Doubles,HCOUP,/en/paris-2024/results/badminton/men-s-doubles/fnl-000100--,12/8/1995,1570107,BDMMDOUBLES-TPE01,TRUE,TAI PEI
4/8/2024,Gold Medal,1,WANG Chi-Lin,Male,TPE,Chinese Taipei,Chinese Taipei,TPE,Chinese Taipei,Chinese Taipei,LEE Yang / WANG Chi-Lin,M,Badminton,Men's Doubles,HCOUP,/en/paris-2024/results/badminton/men-s-doubles/fnl-000100--,18/1/1995,1570105,BDMMDOUBLES-TPE01,TRUE,TAI PEI
4/8/2024,Silver Medal,2,LIANG Wei Keng,Male,CHN,China,People's Republic of China,CHN,China,People's Republic of China,LIANG Wei Keng / WANG Chang,M,Badminton,Men's Doubles,HCOUP,/en/paris-2024/results/badminton/men-s-doubles/fnl-000100--,30/11/2000,1913424,BDMMDOUBLES-CHN02,TRUE,GUANG DONG
4/8/2024,Silver Medal,2,WANG Chang,Male,CHN,China,People's Republic of China,CHN,China,People's Republic of China,LIANG Wei Keng / WANG Chang,M,Badminton,Men's Doubles,HCOUP,/en/paris-2024/results/badminton/men-s-doubles/fnl-000100--,7/5/2001,1913429,BDMMDOUBLES-CHN02,TRUE,ZHE JIANG
4/8/2024,Gold Medal,1,XU Jiayu,Male,CHN,China,People's Republic of China,CHN,China,People's Republic of China,People's Republic of China,M,Swimming,Men's 4 x 100m Medley Relay,TEAM,/en/paris-2024/results/swimming/men-s-4-x-100m-medley-relay/fnl-000100--,19/8/1995,1945132,SWMM4X100MMDCHN01,TRUE,ZHE JIANG
4/8/2024,Gold Medal,1,QIN Haiyang,Male,CHN,China,People's Republic of China,CHN,China,People's Republic of China,People's Republic of China,M,Swimming,Men's 4 x 100m Medley Relay,TEAM,/en/paris-2024/results/swimming/men-s-4-x-100m-medley-relay/fnl-000100--,17/5/1999,1945128,SWMM4X100MMDCHN01,TRUE,HU NAN
4/8/2024,Gold Medal,1,WANG Changhao,Male,CHN,China,People's Republic of China,CHN,China,People's Republic of China,People's Republic of China,M,Swimming,Men's 4 x 100m Medley Relay,TEAM,/en/paris-2024/results/swimming/men-s-4-x-100m-medley-relay/fnl-000100--,1/8/2002,1945149,SWMM4X100MMDCHN01,TRUE,TIAN JIN
4/8/2024,Gold Medal,1,PAN Zhanle,Male,CHN,China,People's Republic of China,CHN,China,People's Republic of China,People's Republic of China,M,Swimming,Men's 4 x 100m Medley Relay,TEAM,/en/paris-2024/results/swimming/men-s-4-x-100m-medley-relay/fnl-000100--,4/8/2004,1945148,SWMM4X100MMDCHN01,TRUE,ZHE JIANG
4/8/2024,Gold Medal,1,SUN Jiajun,Male,CHN,China,People's Republic of China,CHN,China,People's Republic of China,People's Republic of China,M,Swimming,Men's 4 x 100m Medley Relay,TEAM,/en/paris-2024/results/swimming/men-s-4-x-100m-medley-relay/fnl-000100--,1/8/2000,1945127,SWMM4X100MMDCHN01,TRUE,HU BEI
4/8/2024,Bronze Medal,3,WANG Xueer,Female,CHN,China,People's Republic of China,CHN,China,People's Republic of China,People's Republic of China,W,Swimming,Women's 4 x 100m Medley Relay,TEAM,/en/paris-2024/results/swimming/women-s-4-x-100m-medley-relay/fnl-000100--,15/1/1998,1945157,SWMW4X100MMDCHN01,TRUE,GUANG DONG
4/8/2024,Bronze Medal,3,TANG Qianting,Female,CHN,China,People's Republic of China,CHN,China,People's Republic of China,People's Republic of China,W,Swimming,Women's 4 x 100m Medley Relay,TEAM,/en/paris-2024/results/swimming/women-s-4-x-100m-medley-relay/fnl-000100--,14/3/2004,1945200,SWMW4X100MMDCHN01,TRUE,SHANG HAI
4/8/2024,Bronze Medal,3,YU Yiting,Female,CHN,China,People's Republic of China,CHN,China,People's Republic of China,People's Republic of China,W,Swimming,Women's 4 x 100m Medley Relay,TEAM,/en/paris-2024/results/swimming/women-s-4-x-100m-medley-relay/fnl-000100--,5/9/2005,1945164,SWMW4X100MMDCHN01,TRUE,ZHE JIANG
4/8/2024,Bronze Medal,3,WU Qingfeng,Female,CHN,China,People's Republic of China,CHN,China,People's Republic of China,People's Republic of China,W,Swimming,Women's 4 x 100m Medley Relay,TEAM,/en/paris-2024/results/swimming/women-s-4-x-100m-medley-relay/fnl-000100--,28/1/2003,1945206,SWMW4X100MMDCHN01,TRUE,ZHE JIANG
4/8/2024,Bronze Medal,3,WAN Letian,Female,CHN,China,People's Republic of China,CHN,China,People's Republic of China,People's Republic of China,W,Swimming,Women's 4 x 100m Medley Relay,TEAM,/en/paris-2024/results/swimming/women-s-4-x-100m-medley-relay/fnl-000100--,12/8/2004,1945202,SWMW4X100MMDCHN01,TRUE,JIANG XI
4/8/2024,Bronze Medal,3,YANG Junxuan,Female,CHN,China,People's Republic of China,CHN,China,People's Republic of China,People's Republic of China,W,Swimming,Women's 4 x 100m Medley Relay,TEAM,/en/paris-2024/results/swimming/women-s-4-x-100m-medley-relay/fnl-000100--,26/1/2002,1945159,SWMW4X100MMDCHN01,TRUE,SHAN DONG
4/8/2024,Bronze Medal,3,ZHANG Yufei,Female,CHN,China,People's Republic of China,CHN,China,People's Republic of China,People's Republic of China,W,Swimming,Women's 4 x 100m Medley Relay,TEAM,/en/paris-2024/results/swimming/women-s-4-x-100m-medley-relay/fnl-000100--,19/4/1998,1945125,SWMW4X100MMDCHN01,TRUE,JIANG SU
5/8/2024,Bronze Medal,3,JIANG Yiting,Female,CHN,China,People's Republic of China,CHN,China,People's Republic of China,People's Republic of China,X,Shooting,Skeet Mixed Team,HTEAM,/en/paris-2024/results/shooting/skeet-mixed-team/fnl-000200--,1/8/2004,1913978,SHOXSKMT----CHN01,TRUE,FU JIAN
5/8/2024,Bronze Medal,3,LYU Jianlin,Male,CHN,China,People's Republic of China,CHN,China,People's Republic of China,People's Republic of China,X,Shooting,Skeet Mixed Team,HTEAM,/en/paris-2024/results/shooting/skeet-mixed-team/fnl-000200--,26/7/1996,1961747,SHOXSKMT----CHN01,TRUE,SI CHUAN
7/8/2024,Gold Medal,1,CHANG Hao,Female,CHN,China,People's Republic of China,CHN,China,People's Republic of China,People's Republic of China,O,Artistic Swimming,Team,TEAM,/en/paris-2024/results/artistic-swimming/team/fnl-000100--,28/4/1997,1908847,SWAWTEAM8---CHN01,TRUE,BEI JING
7/8/2024,Gold Medal,1,FENG Yu,Female,CHN,China,People's Republic of China,CHN,China,People's Republic of China,People's Republic of China,O,Artistic Swimming,Team,TEAM,/en/paris-2024/results/artistic-swimming/team/fnl-000100--,30/9/1999,1908846,SWAWTEAM8---CHN01,TRUE,BEI JING
7/8/2024,Gold Medal,1,WANG Qianyi,Female,CHN,China,People's Republic of China,CHN,China,People's Republic of China,People's Republic of China,O,Artistic Swimming,Team,TEAM,/en/paris-2024/results/artistic-swimming/team/fnl-000100--,16/1/1997,1908853,SWAWTEAM8---CHN01,TRUE,GUANG DONG
7/8/2024,Gold Medal,1,WANG Ciyue,Female,CHN,China,People's Republic of China,CHN,China,People's Republic of China,People's Republic of China,O,Artistic Swimming,Team,TEAM,/en/paris-2024/results/artistic-swimming/team/fnl-000100--,14/11/1999,1908850,SWAWTEAM8---CHN01,TRUE,JIANG SU
7/8/2024,Gold Medal,1,WANG Liuyi,Female,CHN,China,People's Republic of China,CHN,China,People's Republic of China,People's Republic of China,O,Artistic Swimming,Team,TEAM,/en/paris-2024/results/artistic-swimming/team/fnl-000100--,16/1/1997,1908852,SWAWTEAM8---CHN01,TRUE,GUANG DONG
7/8/2024,Gold Medal,1,XIANG Binxuan,Female,CHN,China,People's Republic of China,CHN,China,People's Republic of China,People's Republic of China,O,Artistic Swimming,Team,TEAM,/en/paris-2024/results/artistic-swimming/team/fnl-000100--,16/11/2001,1908855,SWAWTEAM8---CHN01,TRUE,SI CHUAN
7/8/2024,Gold Medal,1,XIAO Yanning,Female,CHN,China,People's Republic of China,CHN,China,People's Republic of China,People's Republic of China,O,Artistic Swimming,Team,TEAM,/en/paris-2024/results/artistic-swimming/team/fnl-000100--,23/2/1998,1908854,SWAWTEAM8---CHN01,TRUE,SI CHUAN
7/8/2024,Gold Medal,1,ZHANG Yayi,Female,CHN,China,People's Republic of China,CHN,China,People's Republic of China,People's Republic of China,O,Artistic Swimming,Team,TEAM,/en/paris-2024/results/artistic-swimming/team/fnl-000100--,6/5/1997,1908851,SWAWTEAM8---CHN01,TRUE,HU NAN
7/8/2024,Gold Medal,1,CHENG Wentao,Female,CHN,China,People's Republic of China,CHN,China,People's Republic of China,People's Republic of China,O,Artistic Swimming,Team,TEAM,/en/paris-2024/results/artistic-swimming/team/fnl-000100--,18/5/1998,1908848,SWAWTEAM8---CHN01,FALSE,BEI JING
8/8/2024,Gold Medal,1,LIU Hao,Male,CHN,China,People's Republic of China,CHN,China,People's Republic of China,LIU Hao / JI Bowen,M,Canoe Sprint,Men's Canoe Double 500m,COUP,/en/paris-2024/results/canoe-sprint/men-s-canoe-double-500m/fnl---------,6/9/1993,1927393,CSPMC2-500M-CHN01,TRUE,YUN NAN
8/8/2024,Gold Medal,1,JI Bowen,Male,CHN,China,People's Republic of China,CHN,China,People's Republic of China,LIU Hao / JI Bowen,M,Canoe Sprint,Men's Canoe Double 500m,COUP,/en/paris-2024/results/canoe-sprint/men-s-canoe-double-500m/fnl---------,22/2/2002,1927392,CSPMC2-500M-CHN01,TRUE,ZHE JIANG
9/8/2024,Gold Medal,1,XU Shixiao,Female,CHN,China,People's Republic of China,CHN,China,People's Republic of China,XU Shixiao / SUN Mengya,W,Canoe Sprint,Women's Canoe Double 500m,COUP,/en/paris-2024/results/canoe-sprint/women-s-canoe-double-500m/fnl---------,16/2/1992,1927382,CSPWC2-500M-CHN01,TRUE,JIANG XI
9/8/2024,Gold Medal,1,SUN Mengya,Female,CHN,China,People's Republic of China,CHN,China,People's Republic of China,XU Shixiao / SUN Mengya,W,Canoe Sprint,Women's Canoe Double 500m,COUP,/en/paris-2024/results/canoe-sprint/women-s-canoe-double-500m/fnl---------,3/5/2001,1927383,CSPWC2-500M-CHN01,TRUE,SHAN DONG
9/8/2024,Silver Medal,2,YE Jiao,Female,CHN,China,People's Republic of China,CHN,China,People's Republic of China,People's Republic of China,W,Hockey,Women,HTEAM,/en/paris-2024/results/hockey/women/fnl-000100--,21/10/1994,1926915,HOCWTEAM11--CHN01,TRUE,SI CHUAN
9/8/2024,Silver Medal,2,GU Bingfeng,Female,CHN,China,People's Republic of China,CHN,China,People's Republic of China,People's Republic of China,W,Hockey,Women,HTEAM,/en/paris-2024/results/hockey/women/fnl-000100--,25/1/1994,1926896,HOCWTEAM11--CHN01,TRUE,LIAO NING
9/8/2024,Silver Medal,2,YANG Liu,Female,CHN,China,People's Republic of China,CHN,China,People's Republic of China,People's Republic of China,W,Hockey,Women,HTEAM,/en/paris-2024/results/hockey/women/fnl-000100--,1/9/1998,1926914,HOCWTEAM11--CHN01,TRUE,SI CHUAN
9/8/2024,Silver Medal,2,ZHANG Ying,Female,CHN,China,People's Republic of China,CHN,China,People's Republic of China,People's Republic of China,W,Hockey,Women,HTEAM,/en/paris-2024/results/hockey/women/fnl-000100--,29/8/1998,1926920,HOCWTEAM11--CHN01,TRUE,JIANG SU
9/8/2024,Silver Medal,2,CHEN Yi,Female,CHN,China,People's Republic of China,CHN,China,People's Republic of China,People's Republic of China,W,Hockey,Women,HTEAM,/en/paris-2024/results/hockey/women/fnl-000100--,28/1/1997,1926893,HOCWTEAM11--CHN01,TRUE,SI CHUAN
9/8/2024,Silver Medal,2,MA Ning,Female,CHN,China,People's Republic of China,CHN,China,People's Republic of China,People's Republic of China,W,Hockey,Women,HTEAM,/en/paris-2024/results/hockey/women/fnl-000100--,29/9/2000,1926908,HOCWTEAM11--CHN01,TRUE,JI LIN
9/8/2024,Silver Medal,2,LI Hong,Female,CHN,China,People's Republic of China,CHN,China,People's Republic of China,People's Republic of China,W,Hockey,Women,HTEAM,/en/paris-2024/results/hockey/women/fnl-000100--,31/5/1999,1926901,HOCWTEAM11--CHN01,TRUE,TIAN JIN
9/8/2024,Silver Medal,2,OU Zixia,Female,CHN,China,People's Republic of China,CHN,China,People's Republic of China,People's Republic of China,W,Hockey,Women,HTEAM,/en/paris-2024/results/hockey/women/fnl-000100--,24/9/1995,1926909,HOCWTEAM11--CHN01,TRUE,SI CHUAN
9/8/2024,Silver Medal,2,DAN Wen,Female,CHN,China,People's Republic of China,CHN,China,People's Republic of China,People's Republic of China,W,Hockey,Women,HTEAM,/en/paris-2024/results/hockey/women/fnl-000100--,14/6/1999,1926894,HOCWTEAM11--CHN01,TRUE,SI CHUAN
9/8/2024,Silver Medal,2,ZOU Meirong,Female,CHN,China,People's Republic of China,CHN,China,People's Republic of China,People's Republic of China,W,Hockey,Women,HTEAM,/en/paris-2024/results/hockey/women/fnl-000100--,1/9/2000,1926923,HOCWTEAM11--CHN01,TRUE,SI CHUAN
9/8/2024,Silver Medal,2,HE Jiangxin,Female,CHN,China,People's Republic of China,CHN,China,People's Republic of China,People's Republic of China,W,Hockey,Women,HTEAM,/en/paris-2024/results/hockey/women/fnl-000100--,19/8/1997,1926898,HOCWTEAM11--CHN01,TRUE,SI CHUAN
9/8/2024,Silver Medal,2,FAN Yunxia,Female,CHN,China,People's Republic of China,CHN,China,People's Republic of China,People's Republic of China,W,Hockey,Women,HTEAM,/en/paris-2024/results/hockey/women/fnl-000100--,7/12/2002,1926895,HOCWTEAM11--CHN01,TRUE,JIANG SU
9/8/2024,Silver Medal,2,CHEN Yang,Female,CHN,China,People's Republic of China,CHN,China,People's Republic of China,People's Republic of China,W,Hockey,Women,HTEAM,/en/paris-2024/results/hockey/women/fnl-000100--,15/2/1997,1926926,HOCWTEAM11--CHN01,TRUE,HE BEI
9/8/2024,Silver Medal,2,XU Wenyu,Female,CHN,China,People's Republic of China,CHN,China,People's Republic of China,People's Republic of China,W,Hockey,Women,HTEAM,/en/paris-2024/results/hockey/women/fnl-000100--,6/12/1995,1926912,HOCWTEAM11--CHN01,TRUE,SI CHUAN
9/8/2024,Silver Medal,2,ZHONG Jiaqi,Female,CHN,China,People's Republic of China,CHN,China,People's Republic of China,People's Republic of China,W,Hockey,Women,HTEAM,/en/paris-2024/results/hockey/women/fnl-000100--,23/9/1999,1926922,HOCWTEAM11--CHN01,TRUE,GUANG DONG
9/8/2024,Silver Medal,2,TAN Jinzhuang,Female,CHN,China,People's Republic of China,CHN,China,People's Republic of China,People's Republic of China,W,Hockey,Women,HTEAM,/en/paris-2024/results/hockey/women/fnl-000100--,27/1/2003,1926910,HOCWTEAM11--CHN01,TRUE,SI CHUAN
9/8/2024,Silver Medal,2,YU Anhui,Female,CHN,China,People's Republic of China,CHN,China,People's Republic of China,People's Republic of China,W,Hockey,Women,HTEAM,/en/paris-2024/results/hockey/women/fnl-000100--,30/4/2001,1926916,HOCWTEAM11--CHN01,TRUE,SI CHUAN
9/8/2024,Gold Medal,1,FAN Zhendong,Male,CHN,China,People's Republic of China,CHN,China,People's Republic of China,People's Republic of China,M,Table Tennis,Men's Team,HTEAM,/en/paris-2024/results/table-tennis/men-s-team/fnl-00010000,22/1/1997,1902295,TTEMTEAM----CHN01,TRUE,GUANG DONG
9/8/2024,Gold Medal,1,MA Long,Male,CHN,China,People's Republic of China,CHN,China,People's Republic of China,People's Republic of China,M,Table Tennis,Men's Team,HTEAM,/en/paris-2024/results/table-tennis/men-s-team/fnl-00010000,20/10/1988,1902300,TTEMTEAM----CHN01,TRUE,LIAO NING
9/8/2024,Gold Medal,1,WANG Chuqin,Male,CHN,China,People's Republic of China,CHN,China,People's Republic of China,People's Republic of China,M,Table Tennis,Men's Team,HTEAM,/en/paris-2024/results/table-tennis/men-s-team/fnl-00010000,11/5/2000,1902301,TTEMTEAM----CHN01,TRUE,JI LIN
10/8/2024,Gold Medal,1,WANG Liuyi,Female,CHN,China,People's Republic of China,CHN,China,People's Republic of China,People's Republic of China,W,Artistic Swimming,Duet,COUP,/en/paris-2024/results/artistic-swimming/duet/fnl-000100--,16/1/1997,1908852,SWAWTEAM2---CHN01,TRUE,GUANG DONG
10/8/2024,Gold Medal,1,WANG Qianyi,Female,CHN,China,People's Republic of China,CHN,China,People's Republic of China,People's Republic of China,W,Artistic Swimming,Duet,COUP,/en/paris-2024/results/artistic-swimming/duet/fnl-000100--,16/1/1997,1908853,SWAWTEAM2---CHN01,TRUE,GUANG DONG
10/8/2024,Gold Medal,1,CHEN Meng,Female,CHN,China,People's Republic of China,CHN,China,People's Republic of China,People's Republic of China,W,Table Tennis,Women's Team,HTEAM,/en/paris-2024/results/table-tennis/women-s-team/fnl-00010000,15/1/1994,1902307,TTEWTEAM----CHN01,TRUE,SHAN DONG
10/8/2024,Gold Medal,1,SUN Yingsha,Female,CHN,China,People's Republic of China,CHN,China,People's Republic of China,People's Republic of China,W,Table Tennis,Women's Team,HTEAM,/en/paris-2024/results/table-tennis/women-s-team/fnl-00010000,4/11/2000,1902313,TTEWTEAM----CHN01,TRUE,HE BEI
10/8/2024,Gold Medal,1,WANG Manyu,Female,CHN,China,People's Republic of China,CHN,China,People's Republic of China,People's Republic of China,W,Table Tennis,Women's Team,HTEAM,/en/paris-2024/results/table-tennis/women-s-team/fnl-00010000,9/2/1999,1902314,TTEWTEAM----CHN01,TRUE,HEI LONGJIANG
10/8/2024,Gold Medal,1,DING Xinyi,Female,CHN,China,People's Republic of China,CHN,China,People's Republic of China,People's Republic of China,W,Rhythmic Gymnastics,Group All-Around,TEAM,,27/8/2004,1927515,GRYW5AA-----CHN01,TRUE,CHONG QING
10/8/2024,Gold Medal,1,GUO Qiqi,Female,CHN,China,People's Republic of China,CHN,China,People's Republic of China,People's Republic of China,W,Rhythmic Gymnastics,Group All-Around,TEAM,,7/8/1998,1927516,GRYW5AA-----CHN01,TRUE,CHONG QING
10/8/2024,Gold Medal,1,HAO Ting,Female,CHN,China,People's Republic of China,CHN,China,People's Republic of China,People's Republic of China,W,Rhythmic Gymnastics,Group All-Around,TEAM,,23/3/2001,1927517,GRYW5AA-----CHN01,TRUE,JIANG SU
10/8/2024,Gold Medal,1,HUANG Zhangjiayang,Female,CHN,China,People's Republic of China,CHN,China,People's Republic of China,People's Republic of China,W,Rhythmic Gymnastics,Group All-Around,TEAM,,15/2/2000,1927518,GRYW5AA-----CHN01,TRUE,SI CHUAN
10/8/2024,Gold Medal,1,WANG Lanjing,Female,CHN,China,People's Republic of China,CHN,China,People's Republic of China,People's Republic of China,W,Rhythmic Gymnastics,Group All-Around,TEAM,,10/3/2005,1927519,GRYW5AA-----CHN01,TRUE,ZHE JIANG